CREATE DATABASE  IF NOT EXISTS `barberias` /*!40100 DEFAULT CHARACTER SET utf8mb4 COLLATE utf8mb4_general_ci */ /*!80016 DEFAULT ENCRYPTION='N' */;
USE `barberias`;
-- MySQL dump 10.13  Distrib 8.0.44, for Win64 (x86_64)
--
-- Host: localhost    Database: barberias
-- ------------------------------------------------------
-- Server version	8.0.44

/*!40101 SET @OLD_CHARACTER_SET_CLIENT=@@CHARACTER_SET_CLIENT */;
/*!40101 SET @OLD_CHARACTER_SET_RESULTS=@@CHARACTER_SET_RESULTS */;
/*!40101 SET @OLD_COLLATION_CONNECTION=@@COLLATION_CONNECTION */;
/*!50503 SET NAMES utf8 */;
/*!40103 SET @OLD_TIME_ZONE=@@TIME_ZONE */;
/*!40103 SET TIME_ZONE='+00:00' */;
/*!40014 SET @OLD_UNIQUE_CHECKS=@@UNIQUE_CHECKS, UNIQUE_CHECKS=0 */;
/*!40014 SET @OLD_FOREIGN_KEY_CHECKS=@@FOREIGN_KEY_CHECKS, FOREIGN_KEY_CHECKS=0 */;
/*!40101 SET @OLD_SQL_MODE=@@SQL_MODE, SQL_MODE='NO_AUTO_VALUE_ON_ZERO' */;
/*!40111 SET @OLD_SQL_NOTES=@@SQL_NOTES, SQL_NOTES=0 */;

--
-- Table structure for table `barberos`
--

DROP TABLE IF EXISTS `barberos`;
/*!40101 SET @saved_cs_client     = @@character_set_client */;
/*!50503 SET character_set_client = utf8mb4 */;
CREATE TABLE `barberos` (
  `id_barbero` int NOT NULL AUTO_INCREMENT,
  `nombre_barbero` varchar(100) COLLATE utf8mb4_general_ci NOT NULL,
  PRIMARY KEY (`id_barbero`)
) ENGINE=InnoDB AUTO_INCREMENT=11 DEFAULT CHARSET=utf8mb4 COLLATE=utf8mb4_general_ci;
/*!40101 SET character_set_client = @saved_cs_client */;

--
-- Dumping data for table `barberos`
--

LOCK TABLES `barberos` WRITE;
/*!40000 ALTER TABLE `barberos` DISABLE KEYS */;
INSERT INTO `barberos` VALUES (1,'Barbero A'),(2,'Barbero B'),(3,'Barbero C'),(4,'Barbero D'),(5,'Barbero E'),(6,'Barbero F'),(7,'Barbero G'),(8,'Barbero H'),(9,'Barbero I'),(10,'Barbero J');
/*!40000 ALTER TABLE `barberos` ENABLE KEYS */;
UNLOCK TABLES;

--
-- Table structure for table `citas`
--

DROP TABLE IF EXISTS `citas`;
/*!40101 SET @saved_cs_client     = @@character_set_client */;
/*!50503 SET character_set_client = utf8mb4 */;
CREATE TABLE `citas` (
  `id_cita` int NOT NULL AUTO_INCREMENT,
  `id_cliente` int NOT NULL,
  `id_barbero` int NOT NULL,
  `hora` time NOT NULL,
  `fecha` date NOT NULL,
  PRIMARY KEY (`id_cita`),
  KEY `id_cliente` (`id_cliente`),
  KEY `id_barbero` (`id_barbero`),
  CONSTRAINT `citas_ibfk_1` FOREIGN KEY (`id_cliente`) REFERENCES `clientes` (`id_cliente`),
  CONSTRAINT `citas_ibfk_2` FOREIGN KEY (`id_barbero`) REFERENCES `barberos` (`id_barbero`)
) ENGINE=InnoDB AUTO_INCREMENT=25 DEFAULT CHARSET=utf8mb4 COLLATE=utf8mb4_general_ci;
/*!40101 SET character_set_client = @saved_cs_client */;

--
-- Dumping data for table `citas`
--

LOCK TABLES `citas` WRITE;
/*!40000 ALTER TABLE `citas` DISABLE KEYS */;
INSERT INTO `citas` VALUES (1,1,1,'10:00:00','2025-12-10'),(2,2,2,'11:30:00','2025-12-10'),(3,3,1,'14:00:00','2025-12-10'),(4,4,3,'09:30:00','2025-12-11'),(5,5,2,'13:00:00','2025-12-11'),(6,6,4,'16:00:00','2025-12-11'),(7,7,5,'12:00:00','2025-12-12'),(8,8,3,'15:30:00','2025-12-12'),(9,9,1,'19:00:00','2025-12-29'),(10,10,1,'17:00:00','2025-12-13'),(11,11,2,'09:00:00','2025-12-14'),(12,12,3,'14:30:00','2025-12-14'),(13,13,5,'11:00:00','2025-12-15'),(14,14,4,'13:45:00','2025-12-15'),(15,15,1,'15:00:00','2025-12-16'),(16,16,3,'16:30:00','2025-12-16'),(17,17,2,'10:15:00','2025-12-17'),(18,18,4,'12:40:00','2025-12-17'),(24,4,7,'01:00:00','2025-12-31');
/*!40000 ALTER TABLE `citas` ENABLE KEYS */;
UNLOCK TABLES;

--
-- Table structure for table `clientes`
--

DROP TABLE IF EXISTS `clientes`;
/*!40101 SET @saved_cs_client     = @@character_set_client */;
/*!50503 SET character_set_client = utf8mb4 */;
CREATE TABLE `clientes` (
  `id_cliente` int NOT NULL AUTO_INCREMENT,
  `nombre_cliente` varchar(100) COLLATE utf8mb4_general_ci NOT NULL,
  `telefono` varchar(20) COLLATE utf8mb4_general_ci DEFAULT NULL,
  `correo` varchar(100) COLLATE utf8mb4_general_ci DEFAULT NULL,
  PRIMARY KEY (`id_cliente`)
) ENGINE=InnoDB AUTO_INCREMENT=21 DEFAULT CHARSET=utf8mb4 COLLATE=utf8mb4_general_ci;
/*!40101 SET character_set_client = @saved_cs_client */;

--
-- Dumping data for table `clientes`
--

LOCK TABLES `clientes` WRITE;
/*!40000 ALTER TABLE `clientes` DISABLE KEYS */;
INSERT INTO `clientes` VALUES (1,'Carlos Ramírez','5512345678','carlos.ramirez@example.com'),(2,'María López','5528473920','maria.lopez@example.com'),(3,'José Hernández','5548291034','jose.hernandez@example.com'),(4,'Ana Torres','5539182746','ana.torres@example.com'),(5,'Luis Martínez','5567382910','luis.martinez@example.com'),(6,'Laura Sánchez','5572918473','laura.sanchez@example.com'),(7,'Fernando Ortiz','5582391746','fernando.ortiz@example.com'),(8,'Patricia Gómez','5593847261','patricia.gomez@example.com'),(9,'Diego Castillo','5519283746','diego.castillo@example.com'),(10,'Valeria Cruz','5527364910','valeria.cruz@example.com'),(11,'Ricardo Navarro','5536472910','ricardo.navarro@example.com'),(12,'Gabriela Chávez','5547382910','gabriela.chavez@example.com'),(13,'Esteban Rojas','5562948173','esteban.rojas@example.com'),(14,'Daniela Vega','5574839201','daniela.vega@example.com'),(15,'Javier Salinas','5581937462','javier.salinas@example.com'),(16,'Sofia Aguilar','5593847162','sofia.aguilar@example.com'),(17,'Raúl Mendoza','5518273940','raul.mendoza@example.com'),(18,'Liliana Pineda','5527463819','liliana.pineda@example.com'),(19,'Héctor Cabrera','5539102847','hector.cabrera@example.com'),(20,'Monica Fuentes','5547283910','monica.fuentes@example.com');
/*!40000 ALTER TABLE `clientes` ENABLE KEYS */;
UNLOCK TABLES;

--
-- Table structure for table `credenciales`
--

DROP TABLE IF EXISTS `credenciales`;
/*!40101 SET @saved_cs_client     = @@character_set_client */;
/*!50503 SET character_set_client = utf8mb4 */;
CREATE TABLE `credenciales` (
  `id` int NOT NULL AUTO_INCREMENT,
  `usuario` varchar(50) COLLATE utf8mb4_general_ci NOT NULL,
  `contraseña` varchar(255) COLLATE utf8mb4_general_ci NOT NULL,
  PRIMARY KEY (`id`),
  UNIQUE KEY `usuario` (`usuario`)
) ENGINE=InnoDB AUTO_INCREMENT=4 DEFAULT CHARSET=utf8mb4 COLLATE=utf8mb4_general_ci;
/*!40101 SET character_set_client = @saved_cs_client */;

--
-- Dumping data for table `credenciales`
--

LOCK TABLES `credenciales` WRITE;
/*!40000 ALTER TABLE `credenciales` DISABLE KEYS */;
INSERT INTO `credenciales` VALUES (1,'usuario','12345');
/*!40000 ALTER TABLE `credenciales` ENABLE KEYS */;
UNLOCK TABLES;

--
-- Table structure for table `servicios`
--

DROP TABLE IF EXISTS `servicios`;
/*!40101 SET @saved_cs_client     = @@character_set_client */;
/*!50503 SET character_set_client = utf8mb4 */;
CREATE TABLE `servicios` (
  `id_servicio` int NOT NULL AUTO_INCREMENT,
  `nombre_servicio` varchar(100) COLLATE utf8mb4_general_ci NOT NULL,
  `precio` decimal(10,2) NOT NULL,
  PRIMARY KEY (`id_servicio`)
) ENGINE=InnoDB AUTO_INCREMENT=11 DEFAULT CHARSET=utf8mb4 COLLATE=utf8mb4_general_ci;
/*!40101 SET character_set_client = @saved_cs_client */;

--
-- Dumping data for table `servicios`
--

LOCK TABLES `servicios` WRITE;
/*!40000 ALTER TABLE `servicios` DISABLE KEYS */;
INSERT INTO `servicios` VALUES (1,'Corte de Cabello',120.00),(2,'Afeitado Completo',150.00),(3,'Corte y Barba',200.00),(4,'Fade',130.00),(5,'Tinte para Cabello',350.00),(6,'Delineado de Barba',80.00),(7,'Mascarilla Facial',100.00),(8,'Depilación de Cejas',90.00),(9,'Lavado Capilar',60.00),(10,'Tratamiento Capilar',180.00);
/*!40000 ALTER TABLE `servicios` ENABLE KEYS */;
UNLOCK TABLES;

--
-- Dumping events for database 'barberias'
--

--
-- Dumping routines for database 'barberias'
--
/*!40103 SET TIME_ZONE=@OLD_TIME_ZONE */;

/*!40101 SET SQL_MODE=@OLD_SQL_MODE */;
/*!40014 SET FOREIGN_KEY_CHECKS=@OLD_FOREIGN_KEY_CHECKS */;
/*!40014 SET UNIQUE_CHECKS=@OLD_UNIQUE_CHECKS */;
/*!40101 SET CHARACTER_SET_CLIENT=@OLD_CHARACTER_SET_CLIENT */;
/*!40101 SET CHARACTER_SET_RESULTS=@OLD_CHARACTER_SET_RESULTS */;
/*!40101 SET COLLATION_CONNECTION=@OLD_COLLATION_CONNECTION */;
/*!40111 SET SQL_NOTES=@OLD_SQL_NOTES */;

-- Dump completed on 2025-12-15  9:29:51
